sequence,n,value
IMIN,1,2
IMIN,2,3
IMIN,3,5
IMIN,4,7
IMIN,5,12
IMIN,6,17
IMIN,7,29
IMIN,8,41
IMIN,9,63
IMIN,10,99
IMIN,11,155
IMIN,12,227
IMIN,13,373
IMIN,14,555
IMIN,15,827
IMIN,16,1234
IMIN,17,2027
IMAX,1,2
IMAX,2,3
IMAX,3,5
IMAX,4,9
IMAX,5,17
IMAX,6,26
IMAX,7,43
IMAX,8,77
IMAX,9,145
IMAX,10,225
IMAX,11,370
IMAX,12,659
IMAX,13,1237
IMAX,14,1921
IMAX,15,3158
IMAX,16,5642
IMAX,17,10555
ISUM,1,2
ISUM,2,3
ISUM,3,10
ISUM,4,40
ISUM,5,162
ISUM,6,753
ISUM,7,3798
ISUM,8,21030
ISUM,9,119424
ISUM,10,702997
ISUM,11,4197836
ISUM,12,25435079
ISUM,13,155276651
ISUM,14,955009277
ISUM,15,5903249062
ISUM,16,36660571982
ISUM,17,228517995526
IDIST,1,1
IDIST,2,1
IDIST,3,1
IDIST,4,3
IDIST,5,4
IDIST,6,8
IDIST,7,14
IDIST,8,26
IDIST,9,45
IDIST,10,89
IDIST,11,155
IDIST,12,288
IDIST,13,502
IDIST,14,910
IDIST,15,1609
IDIST,16,2842
IDIST,17,4994
MSUM,1,1
MSUM,2,5
MSUM,3,27
MSUM,4,264
MSUM,5,2896
MSUM,6,35679
MSUM,7,454900
MSUM,8,5957531
MMAX,1,1
MMAX,2,2
MMAX,3,3
MMAX,4,5
MMAX,5,8
MMAX,6,13
MMAX,7,21
MMAX,8,36
